"massflow","Normals:0","Normals:1","Normals:2","Theta","U1:0","U1:1","U1:2","U1Mean:0","U1Mean:1","U1Mean:2","U2:0","U2:1","U2:2","U2Mean:0","U2Mean:1","U2Mean:2","alpha0","alpha1","alpha1Mean","epsilon","k","magU1Mean","p","vtkValidPointMask","Time","Point Coordinates:0","Point Coordinates:1","Point Coordinates:2"
23.471,0,-0.0008,0,8e-08,0,0,0,-3.4155e-08,-2.2434e-05,0,0,0,0,-1.8658e-07,-6.1171e-05,0,0,0.00024,0.0002543,0.008,0.0008,3.7648e-05,0,1,0,5.294e-19,0,0.005
5.0304,-5.2566e-10,-2.5085e-05,0,,,,,1.1786e-09,-7.1071e-05,0,4.0284e-10,-5.375e-06,0,-1.246e-09,-4.0451e-05,0,,,0.00025214,0.00024453,0.008,0.0008,0.033502,1,0.02,5.294e-19,0,0.005
12.332,1.1858e-08,-4.9224e-05,0,,,,,4.7837e-09,-0.00012561,0,1.0725e-09,-1.1807e-05,0,1.3984e-08,-8.2887e-05,0,,,0.00026734,0.00025244,0.008,0.0008,0.034008,1,0.04,5.294e-19,0,0.005
18.906,9.8395e-09,-6.6946e-05,0,,,,,2.7294e-09,-0.00016077,0,1.7992e-09,-1.6603e-05,0,1.5413e-08,-0.00012798,0,,,0.00028996,0.00026044,0.008,0.0008,0.037965,1,0.06,5.294e-19,0,0.005
28.454,-1.2262e-08,-8.4569e-05,0,,,,,-2.8898e-09,-0.00019156,0,1.431e-09,-2.2228e-05,0,-1.0381e-08,-0.00016924,0,,,0.00031363,0.00027132,0.008,0.0008,0.046039,1,0.08,5.294e-19,0,0.005
38.63,-5.3488e-09,-0.00010009,0,,,,,-5.3095e-09,-0.00020789,0,2.7513e-10,-2.8042e-05,0,-2.8409e-09,-0.00019444,0,,,0.00032849,0.00028147,0.008,0.0008,0.04602,1,0.1,5.294e-19,0,0.005
48.74,-1.0939e-08,-0.0001135,0,,,,,-1.1615e-08,-0.0002241,0,-1.0548e-09,-3.3661e-05,0,-8.3342e-09,-0.00022206,0,,,0.00033478,0.00028984,0.008,0.0008,0.047049,1,0.12,5.294e-19,0,0.005
58.405,-1.2923e-08,-0.00012526,0,,,,,-1.8964e-08,-0.00023707,0,-3.0465e-09,-3.8872e-05,0,-7.6447e-09,-0.0002494,0,,,0.00033791,0.00029653,0.008,0.0008,0.047184,1,0.14,5.294e-19,0,0.005
67.368,-5.3623e-08,-0.00013555,0,,,,,-3.6884e-08,-0.00024664,0,-5.7236e-09,-4.3564e-05,0,-4.8501e-08,-0.00027319,0,,,0.00033866,0.00030173,0.008,0.0008,0.048159,1,0.16,5.294e-19,0,0.005
75.581,-2.6555e-07,-0.00014452,0,,,,,-1.2556e-07,-0.00024914,0,-1.4028e-08,-4.7785e-05,0,-2.6059e-07,-0.0002909,0,,,0.00034416,0.00030606,0.008,0.0008,0.049001,1,0.18,5.294e-19,0,0.005
83.3,6.1767e-08,-0.00015271,0,,,,,-5.0255e-08,-0.00025414,0,-2.4768e-08,-5.1732e-05,0,7.5766e-08,-0.0003053,0,,,0.00034888,0.00031014,0.008,0.0008,0.049001,1,0.2,5.294e-19,0,0.005
90.536,-6.3188e-08,-0.00015981,0,,,,,-6.7943e-08,-0.00025876,0,-2.8022e-08,-5.541e-05,0,-5.7354e-08,-0.00031963,0,,,0.00035047,0.00031373,0.008,0.0008,0.049001,1,0.22,5.294e-19,0,0.005
97.219,-1.473e-07,-0.00016615,0,,,,,-6.7837e-08,-0.00026324,0,-3.064e-08,-5.8777e-05,0,-1.4679e-07,-0.00033383,0,,,0.00035112,0.0003168,0.008,0.0008,0.049001,1,0.24,5.294e-19,0,0.005
103.31,-1.1902e-07,-0.00017046,0,,,,,-9.3982e-08,-0.00026684,0,-3.512e-08,-6.1817e-05,0,-1.0862e-07,-0.00034491,0,,,0.00035061,0.00031939,0.008,0.0008,0.049001,1,0.26,5.294e-19,0,0.005
108.66,5.2947e-07,-0.00017492,0,,,,,-8.443e-07,-0.00027122,0,-4.9168e-08,-6.4442e-05,0,9.5245e-07,-0.00035905,0,,,0.00034736,0.00032149,0.008,0.0008,0.049001,1,0.28,5.294e-19,0,0.005
113.41,-8.0397e-07,-0.00017749,0,,,,,-9.4776e-07,-0.00027459,0,-8.3322e-08,-6.6744e-05,0,-6.7003e-07,-0.00036528,0,,,0.00034356,0.00032307,0.008,0.0008,0.049001,1,0.3,5.294e-19,0,0.005
117.64,4.2938e-07,-0.00017919,0,,,,,-3.4264e-07,-0.0002802,0,-1.1182e-07,-6.8776e-05,0,5.072e-07,-0.00037052,0,,,0.00034163,0.00032428,0.008,0.0008,0.049001,1,0.32,5.294e-19,0,0.005
121.49,1.1609e-07,-0.00018145,0,,,,,-9.4732e-08,-0.00028246,0,-1.1997e-07,-7.0608e-05,0,1.1861e-07,-0.000376,0,,,0.00034096,0.00032528,0.008,0.0008,0.049007,1,0.34,5.294e-19,0,0.005
124.93,2.524e-06,-0.00018249,0,,,,,5.0258e-07,-0.00028694,0,-1.3392e-07,-7.2236e-05,0,2.7306e-06,-0.00038322,0,,,0.00034322,0.00032621,0.008,0.0008,0.049001,1,0.36,5.294e-19,0,0.005
127.93,9.228e-07,-0.00018194,0,,,,,7.6764e-07,-0.00027941,0,-9.0461e-08,-7.3633e-05,0,9.2766e-07,-0.00038438,0,,,0.00034264,0.00032692,0.008,0.0008,0.049004,1,0.38,5.294e-19,0,0.005
130.57,-3.4784e-07,-0.00018196,0,,,,,-1.8876e-07,-0.00028013,0,-5.6644e-08,-7.4842e-05,0,-2.7841e-07,-0.00038355,0,,,0.00034154,0.00032758,0.008,0.0008,0.0491,1,0.4,5.294e-19,0,0.005
133.06,-9.9184e-06,-0.00018276,0,,,,,-7.1698e-06,-0.0002806,0,-1.2815e-07,-7.5986e-05,0,-9.2245e-06,-0.0003865,0,,,0.00034237,0.00032829,0.008,0.0008,0.049006,1,0.42,5.294e-19,0,0.005
135.41,2.1259e-06,-0.00018357,0,,,,,3.4589e-06,-0.00028438,0,-1.9173e-07,-7.7067e-05,0,1.444e-06,-0.00038715,0,,,0.00033928,0.00032893,0.008,0.0008,0.049003,1,0.44,5.294e-19,0,0.005
137.45,-3.0091e-06,-0.00018247,0,,,,,3.8442e-06,-0.00028226,0,-4.645e-08,-7.7992e-05,0,-4.431e-06,-0.00038731,0,,,0.00033738,0.00032941,0.008,0.0008,0.049002,1,0.46,5.294e-19,0,0.005
139.21,-3.258e-06,-0.00018147,0,,,,,3.5246e-06,-0.00028302,0,-9.4516e-08,-7.8767e-05,0,-4.7618e-06,-0.00038649,0,,,0.00033641,0.00032981,0.008,0.0008,0.049002,1,0.48,5.294e-19,0,0.005
140.77,1.5313e-05,-0.00018036,0,,,,,7.8016e-06,-0.00028227,0,-8.7764e-08,-7.9451e-05,0,1.4839e-05,-0.00038462,0,,,0.00033768,0.00033017,0.008,0.0008,0.049001,1,0.5,5.294e-19,0,0.005
142.17,1.2601e-05,-0.00017943,0,,,,,3.5098e-06,-0.00027822,0,-1.4165e-07,-8.005e-05,0,1.3401e-05,-0.00038194,0,,,0.00033991,0.00033049,0.008,0.0008,0.049002,1,0.52,5.294e-19,0,0.005
143.46,5.8828e-06,-0.00017851,0,,,,,2.0299e-06,-0.00028179,0,-1.9489e-07,-8.0602e-05,0,6.3739e-06,-0.00038251,0,,,0.00033992,0.00033081,0.008,0.0008,0.049002,1,0.54,5.294e-19,0,0.005
144.58,-1.7756e-05,-0.00017683,0,,,,,-1.0394e-05,-0.00027634,0,-1.4185e-08,-8.1069e-05,0,-1.7481e-05,-0.00037947,0,,,0.00033905,0.00033108,0.008,0.0008,0.049021,1,0.56,5.294e-19,0,0.005
145.58,-1.5513e-05,-0.000176,0,,,,,-5.1858e-06,-0.00027621,0,-8.3815e-09,-8.1476e-05,0,-1.6118e-05,-0.00037608,0,,,0.00033803,0.00033136,0.008,0.0008,0.049005,1,0.58,5.294e-19,0,0.005
146.49,5.1451e-06,-0.00017499,0,,,,,8.934e-06,-0.00027946,0,1.0196e-07,-8.1847e-05,0,3.2618e-06,-0.00037578,0,,,0.00033814,0.0003316,0.008,0.0008,0.049034,1,0.6,5.294e-19,0,0.005
147.31,1.1008e-05,-0.00017406,0,,,,,9.2882e-06,-0.00027668,0,2.1318e-08,-8.2172e-05,0,9.9025e-06,-0.0003732,0,,,0.00033896,0.00033183,0.008,0.0008,0.049001,1,0.62,5.294e-19,0,0.005
148.07,1.7047e-05,-0.00017322,0,,,,,5.5175e-06,-0.00027679,0,-3.485e-08,-8.2473e-05,0,1.7738e-05,-0.00037066,0,,,0.00033805,0.00033204,0.008,0.0008,0.04901,1,0.64,5.294e-19,0,0.005
148.74,-1.2706e-05,-0.00017213,0,,,,,-1.2885e-05,-0.00027567,0,3.565e-08,-8.2726e-05,0,-1.0994e-05,-0.00036984,0,,,0.00033891,0.00033224,0.008,0.0008,0.049002,1,0.66,5.294e-19,0,0.005
149.35,-1.3942e-05,-0.00017146,0,,,,,-3.179e-06,-0.00027493,0,1.0053e-07,-8.2957e-05,0,-1.4787e-05,-0.00036642,0,,,0.0003394,0.00033244,0.008,0.0008,0.049013,1,0.68,5.294e-19,0,0.005
149.89,7.8189e-06,-0.00017033,0,,,,,9.6169e-06,-0.00027418,0,1.7113e-07,-8.3155e-05,0,6.1244e-06,-0.00036572,0,,,0.00033904,0.0003326,0.008,0.0008,0.049058,1,0.7,5.294e-19,0,0.005
150.4,1.1122e-05,-0.00016955,0,,,,,-2.4311e-06,-0.00027426,0,-4.4261e-08,-8.3338e-05,0,1.2892e-05,-0.00036267,0,,,0.00033972,0.0003328,0.008,0.0008,0.049001,1,0.72,5.294e-19,0,0.005
150.89,1.3441e-06,-0.00016868,0,,,,,5.6583e-06,-0.00027481,0,1.3931e-07,-8.3519e-05,0,3.0541e-07,-0.00036092,0,,,0.0003412,0.00033302,0.008,0.0008,0.049005,1,0.74,5.294e-19,0,0.005
151.32,1.2792e-05,-0.0001672,0,,,,,8.3484e-06,-0.00027483,0,1.6615e-07,-8.3667e-05,0,1.1853e-05,-0.00035827,0,,,0.00033777,0.00033316,0.008,0.0008,0.049003,1,0.76,5.294e-19,0,0.005
151.69,-7.1072e-07,-0.00016595,0,,,,,-7.383e-06,-0.00027202,0,-4.7352e-08,-8.3789e-05,0,1.1225e-06,-0.00035377,0,,,0.00033818,0.00033329,0.008,0.0008,0.049044,1,0.78,5.294e-19,0,0.005
152.06,2.1202e-05,-0.00016623,0,,,,,1.4695e-05,-0.00027027,0,9.8445e-08,-8.3916e-05,0,2.0575e-05,-0.00035201,0,,,0.00034278,0.00033348,0.008,0.0008,0.049002,1,0.8,5.294e-19,0,0.005
152.48,2.2861e-05,-0.00016592,0,,,,,1.9323e-05,-0.00028131,0,5.0843e-07,-8.407e-05,0,2.1664e-05,-0.00035221,0,,,0.00033386,0.00033359,0.008,0.0008,0.048526,1,0.82,5.294e-19,0,0.005
152.83,2.1612e-05,-0.00016542,0,,,,,2.0393e-05,-0.00028013,0,8.5829e-07,-8.4194e-05,0,2.0598e-05,-0.00035142,0,,,0.00033315,0.00033357,0.008,0.0008,0.048521,1,0.84,5.294e-19,0,0.005
153.18,3.3789e-05,-0.00016562,0,,,,,3.4719e-05,-0.0002765,0,1.4602e-06,-8.4321e-05,0,3.1933e-05,-0.0003494,0,,,0.00033769,0.00033362,0.008,0.0008,0.048517,1,0.86,5.294e-19,0,0.005
153.53,2.9945e-05,-0.00016513,0,,,,,3.2267e-05,-0.00027755,0,2.1267e-06,-8.4449e-05,0,2.8093e-05,-0.0003489,0,,,0.00033553,0.00033366,0.008,0.0008,0.048505,1,0.88,5.294e-19,0,0.005
153.86,1.906e-05,-0.00016439,0,,,,,2.5981e-05,-0.00027853,0,2.6684e-06,-8.4565e-05,0,1.733e-05,-0.00034663,0,,,0.00033445,0.00033367,0.008,0.0008,0.048404,1,0.9,5.294e-19,0,0.005
154.15,2.9549e-05,-0.00016301,0,,,,,2.8116e-05,-0.00027761,0,3.1128e-06,-8.4668e-05,0,2.8515e-05,-0.00034478,0,,,0.00033421,0.00033366,0.008,0.0008,0.048514,1,0.92,5.294e-19,0,0.005
154.43,2.4173e-05,-0.00016255,0,,,,,3.2038e-05,-0.00027921,0,3.7462e-06,-8.4761e-05,0,2.1417e-05,-0.00034264,0,,,0.00033584,0.0003337,0.008,0.0008,0.048516,1,0.94,5.294e-19,0,0.005
154.69,1.7769e-05,-0.00016237,0,,,,,2.4373e-05,-0.00028229,0,4.2172e-06,-8.4852e-05,0,1.5501e-05,-0.0003415,0,,,0.00033269,0.00033369,0.008,0.0008,0.048043,1,0.96,5.294e-19,0,0.005
154.94,-3.8821e-06,-0.00016184,0,,,,,6.7273e-06,-0.00028643,0,4.4013e-06,-8.4935e-05,0,-3.772e-06,-0.00034176,0,,,0.00032881,0.00033363,0.008,0.0008,0.048022,1,0.98,5.294e-19,0,0.005
155.16,1.2954e-06,-0.00016134,0,,,,,6.2754e-06,-0.00028628,0,4.439e-06,-8.5008e-05,0,1.3735e-06,-0.00034019,0,,,0.00032883,0.00033353,0.008,0.0008,0.048022,1,1,5.294e-19,0,0.005
155.36,4.18e-07,-0.00015998,0,,,,,5.8818e-06,-0.00028408,0,4.4572e-06,-8.5071e-05,0,2.4535e-07,-0.00033651,0,,,0.00032872,0.00033343,0.008,0.0008,0.048013,1,1.02,5.294e-19,0,0.005
155.56,-2.7564e-06,-0.00015877,0,,,,,1.7488e-06,-0.00028286,0,4.4372e-06,-8.513e-05,0,-2.7067e-06,-0.00033299,0,,,0.00032882,0.00033333,0.008,0.0008,0.048011,1,1.04,5.294e-19,0,0.005
155.73,1.8474e-07,-0.00015875,0,,,,,1.1204e-06,-0.00028424,0,4.3905e-06,-8.5183e-05,0,2.2962e-07,-0.00033304,0,,,0.00032806,0.00033324,0.008,0.0008,0.048006,1,1.06,5.294e-19,0,0.005
155.89,-2.8064e-06,-0.00015852,0,,,,,-1.8195e-08,-0.00028549,0,4.3189e-06,-8.5226e-05,0,-2.8299e-06,-0.00033325,0,,,0.00032797,0.00033315,0.008,0.0008,0.048009,1,1.08,5.294e-19,0,0.005
156.03,-1.4583e-06,-0.00015764,0,,,,,-1.7828e-06,-0.00028046,0,4.22e-06,-8.5264e-05,0,-1.1587e-06,-0.00033038,0,,,0.00033012,0.00033307,0.008,0.0008,0.048029,1,1.1,5.294e-19,0,0.005
156.16,-1.1385e-06,-0.00015622,0,,,,,2.2668e-06,-0.00028292,0,4.1995e-06,-8.5295e-05,0,-1.4517e-06,-0.00032803,0,,,0.00032815,0.00033301,0.008,0.0008,0.048007,1,1.12,5.294e-19,0,0.005
156.27,9.4285e-07,-0.00015518,0,,,,,8.1993e-07,-0.00028203,0,4.1767e-06,-8.5316e-05,0,8.2865e-07,-0.00032564,0,,,0.00032771,0.00033293,0.008,0.0008,0.048009,1,1.14,5.294e-19,0,0.005
156.35,1.0301e-06,-0.00015524,0,,,,,2.1395e-06,-0.0002831,0,4.1417e-06,-8.5322e-05,0,8.322e-07,-0.00032541,0,,,0.00032889,0.00033286,0.008,0.0008,0.048012,1,1.16,5.294e-19,0,0.005
156.44,-2.7813e-06,-0.00015494,0,,,,,-1.947e-06,-0.00028159,0,4.0569e-06,-8.5336e-05,0,-2.7768e-06,-0.00032495,0,,,0.0003292,0.00033279,0.008,0.0008,0.048015,1,1.18,5.294e-19,0,0.005
156.49,-1.3579e-06,-0.00015281,0,,,,,-2.6577e-06,-0.00027871,0,3.9598e-06,-8.533e-05,0,-1.1663e-06,-0.00032144,0,,,0.00032899,0.00033271,0.008,0.0008,0.048014,1,1.2,5.294e-19,0,0.005
156.52,-3.1795e-06,-0.00015177,0,,,,,-2.3593e-06,-0.00027674,0,3.8424e-06,-8.5313e-05,0,-3.047e-06,-0.00031808,0,,,0.00032907,0.00033264,0.008,0.0008,0.048012,1,1.22,5.294e-19,0,0.005
156.56,7.7697e-07,-0.0001525,0,,,,,-1.725e-06,-0.00028138,0,3.6696e-06,-8.5304e-05,0,9.8034e-07,-0.00031841,0,,,0.00032872,0.0003326,0.008,0.0008,0.048006,1,1.24,5.294e-19,0,0.005
156.6,-4.5758e-06,-0.0001516,0,,,,,-5.0765e-06,-0.00027849,0,3.6176e-06,-8.5295e-05,0,-4.2644e-06,-0.00031699,0,,,0.00032763,0.00033253,0.008,0.0008,0.048002,1,1.26,5.294e-19,0,0.005
156.62,1.6353e-07,-0.0001497,0,,,,,-3.0147e-06,-0.00027921,0,3.4687e-06,-8.5278e-05,0,5.4027e-07,-0.00031342,0,,,0.00032952,0.00033249,0.008,0.0008,0.048011,1,1.28,5.294e-19,0,0.005
156.61,-4.3237e-07,-0.00014905,0,,,,,-2.141e-06,-0.00027737,0,3.3878e-06,-8.5245e-05,0,1.7425e-08,-0.00031262,0,,,0.00032867,0.00033242,0.008,0.0008,0.04801,1,1.3,5.294e-19,0,0.005
156.58,-7.6672e-06,-0.00014878,0,,,,,-8.7439e-06,-0.00027364,0,3.2577e-06,-8.52e-05,0,-6.8127e-06,-0.00031217,0,,,0.00033013,0.00033237,0.008,0.0008,0.048002,1,1.32,5.294e-19,0,0.005
156.55,2.6367e-06,-0.00014773,0,,,,,2.4032e-06,-0.00027853,0,3.1622e-06,-8.5161e-05,0,2.6032e-06,-0.00030927,0,,,0.00032802,0.00033233,0.008,0.0008,0.048016,1,1.34,5.294e-19,0,0.005
156.53,-5.9369e-06,-0.00014671,0,,,,,-6.2183e-06,-0.0002749,0,3.1034e-06,-8.5124e-05,0,-5.5106e-06,-0.00030577,0,,,0.00032955,0.00033227,0.008,0.0008,0.048008,1,1.36,5.294e-19,0,0.005
156.51,3.9612e-06,-0.00014689,0,,,,,3.8487e-06,-0.00027724,0,3.0121e-06,-8.5085e-05,0,3.7684e-06,-0.00030637,0,,,0.00032742,0.00033222,0.008,0.0008,0.048007,1,1.38,5.294e-19,0,0.005
156.46,6.0665e-07,-0.0001458,0,,,,,3.6039e-07,-0.0002764,0,2.9999e-06,-8.5034e-05,0,5.3627e-07,-0.00030644,0,,,0.00032792,0.00033217,0.008,0.0008,0.048005,1,1.4,5.294e-19,0,0.005
156.38,1.8651e-06,-0.00014356,0,,,,,2.5388e-06,-0.00027589,0,2.9748e-06,-8.4971e-05,0,1.7158e-06,-0.00030077,0,,,0.0003284,0.00033212,0.008,0.0008,0.048005,1,1.42,5.294e-19,0,0.005
156.3,1.4937e-06,-0.00014345,0,,,,,-1.7443e-07,-0.00027452,0,2.9348e-06,-8.4904e-05,0,1.6376e-06,-0.00030039,0,,,0.00032842,0.00033207,0.008,0.0008,0.048009,1,1.44,5.294e-19,0,0.005
156.2,-3.6268e-06,-0.00014285,0,,,,,-2.1116e-06,-0.0002709,0,2.862e-06,-8.483e-05,0,-3.5464e-06,-0.00029933,0,,,0.00032978,0.00033202,0.008,0.0008,0.048014,1,1.46,5.294e-19,0,0.005
156.11,2.447e-07,-0.00014159,0,,,,,-1.149e-06,-0.00027337,0,2.8261e-06,-8.4756e-05,0,2.5696e-07,-0.00029649,0,,,0.00032815,0.00033198,0.008,0.0008,0.048002,1,1.48,5.294e-19,0,0.005
156.01,-1.7014e-06,-0.00014068,0,,,,,1.5031e-08,-0.00027169,0,2.7932e-06,-8.4682e-05,0,-1.9458e-06,-0.00029405,0,,,0.00032882,0.00033193,0.008,0.0008,0.048006,1,1.5,5.294e-19,0,0.005
155.9,4.8745e-06,-0.00014062,0,,,,,1.0884e-06,-0.00027105,0,2.7803e-06,-8.4602e-05,0,4.7738e-06,-0.00029323,0,,,0.00032842,0.00033188,0.008,0.0008,0.048005,1,1.52,5.294e-19,0,0.005
155.78,-3.7401e-06,-0.00013963,0,,,,,-3.2013e-06,-0.0002714,0,2.7596e-06,-8.4521e-05,0,-3.435e-06,-0.00029223,0,,,0.0003278,0.00033184,0.008,0.0008,0.048008,1,1.54,5.294e-19,0,0.005
155.66,-1.706e-06,-0.00013784,0,,,,,-1.6369e-06,-0.00027224,0,2.7286e-06,-8.4434e-05,0,-1.3261e-06,-0.00028851,0,,,0.00032797,0.0003318,0.008,0.0008,0.048005,1,1.56,5.294e-19,0,0.005
155.52,2.797e-08,-0.00013788,0,,,,,7.29e-07,-0.00027167,0,2.7093e-06,-8.434e-05,0,8.5044e-08,-0.00028911,0,,,0.00032904,0.00033176,0.008,0.0008,0.04801,1,1.58,5.294e-19,0,0.005
155.37,-1.0876e-06,-0.00013687,0,,,,,-2.9544e-07,-0.00026955,0,2.6826e-06,-8.4244e-05,0,-8.9266e-07,-0.00028734,0,,,0.00032909,0.00033172,0.008,0.0008,0.048004,1,1.6,5.294e-19,0,0.005
155.22,2.0853e-06,-0.00013505,0,,,,,-1.2243e-06,-0.00026672,0,2.6557e-06,-8.4147e-05,0,2.4025e-06,-0.0002818,0,,,0.00032889,0.00033168,0.008,0.0008,0.048005,1,1.62,5.294e-19,0,0.005
155.07,-2.7046e-06,-0.00013519,0,,,,,-1.313e-06,-0.00026776,0,2.6255e-06,-8.4047e-05,0,-2.3612e-06,-0.00028222,0,,,0.00032815,0.00033164,0.008,0.0008,0.04801,1,1.64,5.294e-19,0,0.005
154.91,2.027e-06,-0.00013449,0,,,,,-6.5138e-08,-0.00026943,0,2.5959e-06,-8.3944e-05,0,2.229e-06,-0.00028148,0,,,0.00032763,0.0003316,0.008,0.0008,0.048009,1,1.66,5.294e-19,0,0.005
154.74,1.4689e-06,-0.00013276,0,,,,,2.2366e-06,-0.00026931,0,2.5725e-06,-8.3839e-05,0,1.3691e-06,-0.00027783,0,,,0.00032827,0.00033156,0.008,0.0008,0.048002,1,1.68,5.294e-19,0,0.005
154.57,-9.1208e-07,-0.00013276,0,,,,,9.2941e-07,-0.00026813,0,2.5433e-06,-8.373e-05,0,-1.0051e-06,-0.00027843,0,,,0.00032911,0.00033153,0.008,0.0008,0.048007,1,1.7,5.294e-19,0,0.005
154.39,7.7711e-07,-0.00013193,0,,,,,1.042e-07,-0.00026454,0,2.5131e-06,-8.3619e-05,0,9.4798e-07,-0.00027621,0,,,0.0003292,0.00033149,0.008,0.0008,0.048005,1,1.72,5.294e-19,0,0.005
154.2,-1.4945e-06,-0.00013005,0,,,,,-2.6781e-08,-0.00026434,0,2.4832e-06,-8.3506e-05,0,-1.3097e-06,-0.00027117,0,,,0.00032809,0.00033145,0.008,0.0008,0.048003,1,1.74,5.294e-19,0,0.005
154.02,1.4969e-06,-0.00013027,0,,,,,-1.578e-07,-0.0002666,0,2.4528e-06,-8.339e-05,0,1.7142e-06,-0.00027249,0,,,0.00032761,0.00033142,0.008,0.0008,0.048005,1,1.76,5.294e-19,0,0.005
153.82,1.3612e-06,-0.00012958,0,,,,,2.8895e-07,-0.0002668,0,2.4331e-06,-8.3271e-05,0,1.3443e-06,-0.00027166,0,,,0.00032854,0.00033139,0.008,0.0008,0.048002,1,1.78,5.294e-19,0,0.005
153.63,-1.1948e-06,-0.00012776,0,,,,,5.6737e-07,-0.00026411,0,2.3975e-06,-8.3153e-05,0,-1.1685e-06,-0.00026713,0,,,0.0003291,0.00033136,0.008,0.0008,0.048002,1,1.8,5.294e-19,0,0.005
153.42,3.1993e-06,-0.00012786,0,,,,,5.3605e-08,-0.00026153,0,2.3851e-06,-8.3031e-05,0,3.3813e-06,-0.00026713,0,,,0.00032906,0.00033132,0.008,0.0008,0.048003,1,1.82,5.294e-19,0,0.005
153.22,-2.3169e-06,-0.00012682,0,,,,,-3.773e-06,-0.00026281,0,2.3475e-06,-8.2908e-05,0,-1.983e-06,-0.00026491,0,,,0.0003281,0.0003313,0.008,0.0008,0.048008,1,1.84,5.294e-19,0,0.005
153.01,2.2689e-06,-0.00012562,0,,,,,3.1586e-06,-0.00026358,0,2.3278e-06,-8.2785e-05,0,1.955e-06,-0.00026246,0,,,0.00032758,0.00033127,0.008,0.0008,0.048001,1,1.86,5.294e-19,0,0.005
152.8,2.8476e-06,-0.00012558,0,,,,,1.4558e-06,-0.0002643,0,2.3142e-06,-8.2656e-05,0,2.7753e-06,-0.00026359,0,,,0.00032882,0.00033124,0.008,0.0008,0.048006,1,1.88,5.294e-19,0,0.005
152.57,-6.3802e-07,-0.00012386,0,,,,,7.3467e-07,-0.00026028,0,2.2903e-06,-8.2525e-05,0,-4.8105e-07,-0.00025904,0,,,0.00032934,0.00033121,0.008,0.0008,0.048002,1,1.9,5.294e-19,0,0.005
152.35,9.7746e-07,-0.00012321,0,,,,,-1.9517e-08,-0.00025902,0,2.2716e-06,-8.2393e-05,0,9.6978e-07,-0.00025696,0,,,0.00032853,0.00033118,0.008,0.0008,0.048001,1,1.92,5.294e-19,0,0.005
152.12,-1.0452e-06,-0.000123,0,,,,,-3.1385e-06,-0.0002615,0,2.2495e-06,-8.226e-05,0,-7.7264e-07,-0.0002575,0,,,0.00032791,0.00033115,0.008,0.0008,0.048003,1,1.94,5.294e-19,0,0.005
151.9,-1.318e-06,-0.00012128,0,,,,,-1.4208e-07,-0.00026244,0,2.2248e-06,-8.2127e-05,0,-1.1063e-06,-0.00025364,0,,,0.00032825,0.00033113,0.008,0.0008,0.048001,1,1.96,5.294e-19,0,0.005
151.67,8.2438e-07,-0.00012136,0,,,,,-1.7875e-07,-0.00026104,0,2.2068e-06,-8.1994e-05,0,9.5774e-07,-0.00025364,0,,,0.00032914,0.0003311,0.008,0.0008,0.048001,1,1.98,5.294e-19,0,0.005
151.43,-9.0879e-07,-0.0001206,0,,,,,5.6844e-07,-0.00025788,0,2.1837e-06,-8.1858e-05,0,-1.1248e-06,-0.00025168,0,,,0.00032904,0.00033107,0.008,0.0008,0.048002,1,2,5.294e-19,0,0.005
151.2,4.5251e-07,-0.0001191,0,,,,,4.2135e-07,-0.00025728,0,2.1705e-06,-8.1722e-05,0,3.6358e-07,-0.00024786,0,,,0.00032836,0.00033105,0.008,0.0008,0.048001,1,2.02,5.294e-19,0,0.005
150.96,-3.2795e-07,-0.00011941,0,,,,,-2.8888e-06,-0.00025999,0,2.149e-06,-8.1585e-05,0,-3.0874e-08,-0.00024966,0,,,0.00032758,0.00033102,0.008,0.0008,0.048004,1,2.04,5.294e-19,0,0.005
150.73,-1.2475e-06,-0.00011801,0,,,,,-1.6e-06,-0.00026022,0,2.1217e-06,-8.1448e-05,0,-9.1673e-07,-0.00024612,0,,,0.00032833,0.000331,0.008,0.0008,0.048005,1,2.06,5.294e-19,0,0.005
150.49,2.3968e-07,-0.00011768,0,,,,,2.9799e-07,-0.00025949,0,2.1062e-06,-8.1314e-05,0,2.9026e-07,-0.00024431,0,,,0.00032878,0.00033098,0.008,0.0008,0.048003,1,2.08,5.294e-19,0,0.005
150.26,1.2094e-06,-0.00011739,0,,,,,1.4519e-06,-0.0002587,0,2.0769e-06,-8.118e-05,0,1.3361e-06,-0.00024459,0,,,0.00032875,0.00033095,0.008,0.0008,0.048001,1,2.1,5.294e-19,0,0.005
150.03,4.2481e-07,-0.00011576,0,,,,,-7.7639e-07,-0.00025645,0,2.06e-06,-8.1047e-05,0,2.8502e-07,-0.0002402,0,,,0.00032918,0.00033093,0.008,0.0008,0.048003,1,2.12,5.294e-19,0,0.005
149.8,-3.9943e-07,-0.00011602,0,,,,,1.517e-06,-0.00025751,0,2.0445e-06,-8.0914e-05,0,-2.9653e-07,-0.00024059,0,,,0.00032887,0.00033091,0.008,0.0008,0.048001,1,2.14,5.294e-19,0,0.005
149.57,-5.6881e-07,-0.00011566,0,,,,,-1.5763e-06,-0.00025758,0,2.0304e-06,-8.0782e-05,0,-6.1767e-07,-0.00023965,0,,,0.00032893,0.00033089,0.008,0.0008,0.048005,1,2.16,5.294e-19,0,0.005
149.34,6.7603e-07,-0.00011415,0,,,,,7.4193e-07,-0.00025459,0,2.0188e-06,-8.0651e-05,0,8.475e-07,-0.00023755,0,,,0.00032881,0.00033086,0.008,0.0008,0.048001,1,2.18,5.294e-19,0,0.005
149.09,3.4948e-06,-0.00011392,0,,,,,3.039e-06,-0.00025502,0,2.0107e-06,-8.0508e-05,0,3.2972e-06,-0.00023717,0,,,0.00032836,0.00033084,0.008,0.0008,0.048007,1,2.2,5.294e-19,0,0.005
148.85,-2.814e-06,-0.00011241,0,,,,,-2.5827e-06,-0.00025646,0,1.9881e-06,-8.037e-05,0,-2.4804e-06,-0.000233,0,,,0.00032762,0.00033082,0.008,0.0008,0.048007,1,2.22,5.294e-19,0,0.005
148.61,1.0261e-06,-0.00011285,0,,,,,7.8182e-07,-0.00025637,0,1.9718e-06,-8.0236e-05,0,1.1093e-06,-0.00023318,0,,,0.00032841,0.0003308,0.008,0.0008,0.048007,1,2.24,5.294e-19,0,0.005
148.37,9.6043e-08,-0.00011183,0,,,,,2.492e-06,-0.00025351,0,1.9614e-06,-8.01e-05,0,-1.8796e-07,-0.00023258,0,,,0.00032862,0.00033077,0.008,0.0008,0.048002,1,2.26,5.294e-19,0,0.005
148.12,-4.7022e-06,-0.0001105,0,,,,,-4.9604e-06,-0.00025406,0,1.9412e-06,-7.9957e-05,0,-4.3185e-06,-0.00022943,0,,,0.00032804,0.00033076,0.008,0.0008,0.048006,1,2.28,5.294e-19,0,0.005
147.87,-2.2964e-06,-0.0001107,0,,,,,-1.8031e-06,-0.00025568,0,1.9201e-06,-7.9816e-05,0,-2.1308e-06,-0.00022916,0,,,0.000328,0.00033074,0.008,0.0008,0.048001,1,2.3,5.294e-19,0,0.005
147.62,1.8379e-06,-0.00010856,0,,,,,1.8543e-06,-0.00025281,0,1.8899e-06,-7.9674e-05,0,1.8613e-06,-0.00022644,0,,,0.00032924,0.00033072,0.008,0.0008,0.048003,1,2.32,5.294e-19,0,0.005
147.36,-1.52e-06,-0.00010855,0,,,,,3.0514e-07,-0.00025109,0,1.8778e-06,-7.9527e-05,0,-1.6818e-06,-0.00022563,0,,,0.0003288,0.00033069,0.008,0.0008,0.048001,1,2.34,5.294e-19,0,0.005
147.1,2.0153e-06,-0.00010805,0,,,,,1.0358e-06,-0.00025208,0,1.8753e-06,-7.9383e-05,0,1.7976e-06,-0.00022394,0,,,0.00032758,0.00033067,0.008,0.0008,0.048004,1,2.36,5.294e-19,0,0.005
146.84,-3.9553e-07,-0.00010677,0,,,,,5.4368e-07,-0.00025318,0,1.8668e-06,-7.9236e-05,0,-4.5827e-07,-0.00022242,0,,,0.00032831,0.00033066,0.008,0.0008,0.048004,1,2.38,5.294e-19,0,0.005
146.57,7.9362e-07,-0.00010651,0,,,,,1.5789e-06,-0.00025124,0,1.8439e-06,-7.9087e-05,0,8.4737e-07,-0.00022236,0,,,0.00032906,0.00033063,0.008,0.0008,0.048001,1,2.4,5.294e-19,0,0.005
146.31,-8.1283e-07,-0.00010494,0,,,,,-2.1711e-06,-0.00025041,0,1.8334e-06,-7.894e-05,0,-5.2995e-07,-0.00021773,0,,,0.00032734,0.00033061,0.008,0.0008,0.048009,1,2.42,5.294e-19,0,0.005
146.04,-5.5037e-07,-0.00010511,0,,,,,-1.4956e-06,-0.0002516,0,1.8165e-06,-7.879e-05,0,-2.8427e-07,-0.00021801,0,,,0.00032775,0.00033059,0.008,0.0008,0.048005,1,2.44,5.294e-19,0,0.005
145.78,2.1424e-06,-0.0001038,0,,,,,1.9636e-06,-0.00024968,0,1.8004e-06,-7.864e-05,0,2.1364e-06,-0.00021655,0,,,0.00032869,0.00033057,0.008,0.0008,0.048001,1,2.46,5.294e-19,0,0.005
145.51,-1.5225e-06,-0.00010349,0,,,,,-3.2986e-07,-0.00024789,0,1.7833e-06,-7.8492e-05,0,-1.4098e-06,-0.00021508,0,,,0.00032833,0.00033055,0.008,0.0008,0.048002,1,2.48,5.294e-19,0,0.005
145.24,3.598e-07,-0.00010272,0,,,,,1.945e-06,-0.00024998,0,1.775e-06,-7.834e-05,0,1.8471e-07,-0.00021305,0,,,0.00032738,0.00033053,0.008,0.0008,0.048007,1,2.5,5.294e-19,0,0.005
144.97,-1.1649e-07,-0.0001019,0,,,,,4.5916e-07,-0.00025033,0,1.7611e-06,-7.8189e-05,0,-2.5524e-07,-0.00021183,0,,,0.00032806,0.00033052,0.008,0.0008,0.048001,1,2.52,5.294e-19,0,0.005
144.69,-1.0109e-06,-0.00010127,0,,,,,9.5838e-08,-0.00024675,0,1.7453e-06,-7.8037e-05,0,-1.02e-06,-0.00021145,0,,,0.00032853,0.00033049,0.008,0.0008,0.048001,1,2.54,5.294e-19,0,0.005
144.42,9.3702e-08,-0.0001004,0,,,,,-1.355e-07,-0.00024847,0,1.7327e-06,-7.7886e-05,0,8.7807e-08,-0.00020745,0,,,0.00032714,0.00033047,0.008,0.0008,0.048013,1,2.56,5.294e-19,0,0.005
144.14,-3.4279e-07,-0.00010011,0,,,,,2.0064e-07,-0.00024948,0,1.7182e-06,-7.7732e-05,0,-3.7131e-07,-0.0002078,0,,,0.00032778,0.00033046,0.008,0.0008,0.048004,1,2.58,5.294e-19,0,0.005
143.87,-3.1488e-07,-9.8712e-05,0,,,,,-4.5341e-07,-0.00024553,0,1.7031e-06,-7.7581e-05,0,-3.2417e-07,-0.00020538,0,,,0.0003288,0.00033043,0.008,0.0008,0.048001,1,2.6,5.294e-19,0,0.005
143.6,1.6759e-07,-9.889e-05,0,,,,,-6.6095e-07,-0.00024575,0,1.6908e-06,-7.7429e-05,0,3.0001e-07,-0.00020549,0,,,0.00032721,0.00033041,0.008,0.0008,0.048004,1,2.62,5.294e-19,0,0.005
143.32,-3.8802e-08,-9.7513e-05,0,,,,,1.651e-07,-0.00024856,0,1.6792e-06,-7.7276e-05,0,-4.0828e-08,-0.00020188,0,,,0.00032708,0.0003304,0.008,0.0008,0.048006,1,2.64,5.294e-19,0,0.005
143.05,-3.0102e-07,-9.7589e-05,0,,,,,6.5286e-07,-0.00024332,0,1.666e-06,-7.7125e-05,0,-3.9463e-07,-0.00020292,0,,,0.00032948,0.00033037,0.008,0.0008,0.048002,1,2.66,5.294e-19,0,0.005
142.77,-1.1628e-07,-9.6798e-05,0,,,,,-3.5419e-07,-0.00024709,0,1.658e-06,-7.6974e-05,0,-1.2245e-07,-0.00020055,0,,,0.00032635,0.00033036,0.008,0.0008,0.048007,1,2.68,5.294e-19,0,0.005
142.49,-9.5501e-07,-9.5927e-05,0,,,,,-1.8525e-07,-0.00024672,0,1.6405e-06,-7.6819e-05,0,-9.4416e-07,-0.00019847,0,,,0.00032741,0.00033034,0.008,0.0008,0.048005,1,2.7,5.294e-19,0,0.005
142.23,-6.9946e-07,-9.5908e-05,0,,,,,9.2703e-07,-0.00024422,0,1.6265e-06,-7.6672e-05,0,-9.0155e-07,-0.00019587,0,,,0.00032741,0.00033031,0.008,0.0008,0.048001,1,2.72,5.294e-19,0,0.005
141.98,-3.9773e-07,-9.5836e-05,0,,,,,-3.3946e-07,-0.00024732,0,1.6071e-06,-7.6532e-05,0,-4.2382e-07,-0.00019484,0,,,0.0003268,0.00033029,0.008,0.0008,0.048006,1,2.74,5.294e-19,0,0.005
141.72,-1.0852e-06,-9.5704e-05,0,,,,,-3.1751e-06,-0.00024551,0,1.5856e-06,-7.6393e-05,0,-8.5224e-07,-0.00019556,0,,,0.00032761,0.00033027,0.008,0.0008,0.048006,1,2.76,5.294e-19,0,0.005
141.48,-3.9956e-09,-9.5445e-05,0,,,,,5.069e-07,-0.00024516,0,1.5774e-06,-7.6258e-05,0,-1.7478e-07,-0.00019353,0,,,0.00032709,0.00033025,0.008,0.0008,0.048004,1,2.78,5.294e-19,0,0.005
141.24,-1.8673e-06,-9.492e-05,0,,,,,-3.1697e-06,-0.00024553,0,1.5601e-06,-7.6123e-05,0,-1.6125e-06,-0.0001932,0,,,0.00032773,0.00033023,0.008,0.0008,0.048007,1,2.8,5.294e-19,0,0.005
141,-7.6261e-07,-9.4562e-05,0,,,,,-2.1479e-06,-0.00024625,0,1.5362e-06,-7.599e-05,0,-6.0925e-07,-0.00019147,0,,,0.00032675,0.00033021,0.008,0.0008,0.048004,1,2.82,5.294e-19,0,0.005
140.75,2.3587e-06,-9.3943e-05,0,,,,,8.1549e-07,-0.00024417,0,1.5192e-06,-7.5855e-05,0,2.4172e-06,-0.00019122,0,,,0.00032855,0.00033019,0.008,0.0008,0.048001,1,2.84,5.294e-19,0,0.005
140.51,6.1957e-07,-9.3471e-05,0,,,,,1.0848e-07,-0.00024407,0,1.5112e-06,-7.5722e-05,0,6.2256e-07,-0.00018996,0,,,0.00032827,0.00033017,0.008,0.0008,0.048001,1,2.86,5.294e-19,0,0.005
140.27,4.4867e-07,-9.2594e-05,0,,,,,7.3942e-07,-0.00024405,0,1.5032e-06,-7.5591e-05,0,4.3256e-07,-0.00018749,0,,,0.00032856,0.00033016,0.008,0.0008,0.048001,1,2.88,5.294e-19,0,0.005
140.03,-4.4451e-07,-9.241e-05,0,,,,,5.5283e-07,-0.00024464,0,1.497e-06,-7.5459e-05,0,-5.2311e-07,-0.0001874,0,,,0.00032842,0.00033015,0.008,0.0008,0.048001,1,2.9,5.294e-19,0,0.005
139.79,-2.9095e-06,-9.1554e-05,0,,,,,-2.8713e-06,-0.0002442,0,1.4916e-06,-7.5327e-05,0,-2.6952e-06,-0.00018561,0,,,0.00032713,0.00033013,0.008,0.0008,0.048001,1,2.92,5.294e-19,0,0.005
139.55,2.2676e-06,-9.0902e-05,0,,,,,2.1735e-06,-0.00024278,0,1.4831e-06,-7.519e-05,0,2.0058e-06,-0.00018546,0,,,0.0003276,0.00033012,0.008,0.0008,0.048005,1,2.94,5.294e-19,0,0.005
139.29,-5.2943e-06,-9.0196e-05,0,,,,,-4.6519e-06,-0.00024264,0,1.4678e-06,-7.5051e-05,0,-5.0482e-06,-0.00018377,0,,,0.00032738,0.00033009,0.008,0.0008,0.048005,1,2.96,5.294e-19,0,0.005
139.05,9.4582e-07,-8.9752e-05,0,,,,,-9.039e-07,-0.0002443,0,1.4366e-06,-7.4915e-05,0,9.6449e-07,-0.000182,0,,,0.00032741,0.00033008,0.008,0.0008,0.048009,1,2.98,5.294e-19,0,0.005
138.8,-3.2078e-06,-8.8973e-05,0,,,,,-4.5512e-06,-0.00024248,0,1.401e-06,-7.478e-05,0,-2.8873e-06,-0.00018046,0,,,0.0003274,0.00033006,0.008,0.0008,0.048004,1,3,5.294e-19,0,0.005
138.55,3.0739e-06,-8.8627e-05,0,,,,,2.2556e-06,-0.0002426,0,1.3867e-06,-7.4646e-05,0,3.0928e-06,-0.00017897,0,,,0.00032776,0.00033005,0.008,0.0008,0.048001,1,3.02,5.294e-19,0,0.005
138.31,9.4945e-07,-8.7848e-05,0,,,,,1.8003e-06,-0.00024172,0,1.3814e-06,-7.4511e-05,0,9.4751e-07,-0.00017781,0,,,0.00032809,0.00033003,0.008,0.0008,0.048001,1,3.04,5.294e-19,0,0.005
138.06,1.0389e-06,-8.6994e-05,0,,,,,1.4713e-06,-0.00024213,0,1.3929e-06,-7.4375e-05,0,9.4277e-07,-0.00017642,0,,,0.00032645,0.00033001,0.008,0.0008,0.048005,1,3.06,5.294e-19,0,0.005
137.81,-2.7857e-07,-8.6651e-05,0,,,,,-3.5821e-07,-0.00024075,0,1.3909e-06,-7.4236e-05,0,-2.7507e-07,-0.00017516,0,,,0.00032858,0.00033,0.008,0.0008,0.048001,1,3.08,5.294e-19,0,0.005
137.56,-3.9845e-06,-8.5968e-05,0,,,,,-2.9979e-06,-0.00024045,0,1.3756e-06,-7.4101e-05,0,-3.7152e-06,-0.00017354,0,,,0.00032742,0.00032998,0.008,0.0008,0.048004,1,3.1,5.294e-19,0,0.005
137.31,-1.0481e-06,-8.532e-05,0,,,,,-2.0601e-06,-0.00024232,0,1.3501e-06,-7.3966e-05,0,-6.9843e-07,-0.00017135,0,,,0.00032652,0.00032997,0.008,0.0008,0.048002,1,3.12,5.294e-19,0,0.005
137.06,-1.1865e-06,-8.4701e-05,0,,,,,-1.2635e-06,-0.00023929,0,1.3267e-06,-7.3828e-05,0,-9.5364e-07,-0.00017202,0,,,0.00032789,0.00032995,0.008,0.0008,0.048007,1,3.14,5.294e-19,0,0.005
136.81,1.4021e-06,-8.397e-05,0,,,,,5.3518e-07,-0.00024073,0,1.3237e-06,-7.369e-05,0,1.311e-06,-0.00016917,0,,,0.0003264,0.00032993,0.008,0.0008,0.048004,1,3.16,5.294e-19,0,0.005
136.55,1.3488e-06,-8.3532e-05,0,,,,,5.4166e-07,-0.00023857,0,1.3162e-06,-7.3551e-05,0,1.2387e-06,-0.0001683,0,,,0.00032822,0.00032991,0.008,0.0008,0.048001,1,3.18,5.294e-19,0,0.005
136.3,-4.8803e-06,-8.2625e-05,0,,,,,-4.412e-06,-0.00023849,0,1.2996e-06,-7.3414e-05,0,-4.6652e-06,-0.00016682,0,,,0.00032714,0.00032989,0.008,0.0008,0.048003,1,3.2,5.294e-19,0,0.005
136.05,1.5703e-06,-8.2376e-05,0,,,,,-1.4882e-06,-0.00024011,0,1.2726e-06,-7.3276e-05,0,1.9283e-06,-0.00016539,0,,,0.00032716,0.00032988,0.008,0.0008,0.048005,1,3.22,5.294e-19,0,0.005
135.8,-2.3351e-06,-8.1549e-05,0,,,,,-2.9827e-06,-0.00023906,0,1.2522e-06,-7.3138e-05,0,-1.961e-06,-0.0001652,0,,,0.00032715,0.00032986,0.008,0.0008,0.048003,1,3.24,5.294e-19,0,0.005
135.54,4.2976e-06,-8.0991e-05,0,,,,,2.0232e-06,-0.00023855,0,1.2454e-06,-7.2998e-05,0,4.1627e-06,-0.000163,0,,,0.0003264,0.00032984,0.008,0.0008,0.048003,1,3.26,5.294e-19,0,0.005
135.29,-1.836e-06,-8.0509e-05,0,,,,,-2.2345e-06,-0.00023729,0,1.2374e-06,-7.286e-05,0,-1.45e-06,-0.00016199,0,,,0.000327,0.00032982,0.008,0.0008,0.048007,1,3.28,5.294e-19,0,0.005
135.04,-1.1287e-06,-7.98e-05,0,,,,,-1.5392e-07,-0.00023742,0,1.2394e-06,-7.2722e-05,0,-9.9479e-07,-0.00016101,0,,,0.00032668,0.0003298,0.008,0.0008,0.04801,1,3.3,5.294e-19,0,0.005
134.78,-1.0604e-08,-7.9258e-05,0,,,,,-4.7231e-07,-0.0002388,0,1.2179e-06,-7.2582e-05,0,1.3263e-07,-0.00015959,0,,,0.00032633,0.00032978,0.008,0.0008,0.048005,1,3.32,5.294e-19,0,0.005
134.52,1.4498e-06,-7.8776e-05,0,,,,,5.9393e-07,-0.00023583,0,1.2191e-06,-7.2443e-05,0,1.4525e-06,-0.00015857,0,,,0.00032748,0.00032977,0.008,0.0008,0.048001,1,3.34,5.294e-19,0,0.005
134.27,4.382e-06,-7.8101e-05,0,,,,,2.0058e-06,-0.00023633,0,1.2194e-06,-7.2305e-05,0,4.3286e-06,-0.00015738,0,,,0.00032614,0.00032975,0.008,0.0008,0.04801,1,3.36,5.294e-19,0,0.005
134.01,2.3216e-06,-7.7752e-05,0,,,,,1.2279e-06,-0.00023583,0,1.2275e-06,-7.2166e-05,0,2.2847e-06,-0.00015513,0,,,0.00032728,0.00032973,0.008,0.0008,0.048001,1,3.38,5.294e-19,0,0.005
133.76,-1.2112e-06,-7.6863e-05,0,,,,,-1.4806e-06,-0.0002341,0,1.2199e-06,-7.2026e-05,0,-8.8475e-07,-0.0001553,0,,,0.0003276,0.00032971,0.008,0.0008,0.048009,1,3.4,5.294e-19,0,0.005
133.5,-1.926e-06,-7.6371e-05,0,,,,,1.4259e-07,-0.00023734,0,1.2147e-06,-7.1888e-05,0,-1.8765e-06,-0.00015329,0,,,0.00032544,0.0003297,0.008,0.0008,0.048002,1,3.42,5.294e-19,0,0.005
133.24,-4.1622e-06,-7.5727e-05,0,,,,,-1.5549e-06,-0.00023344,0,1.2055e-06,-7.1746e-05,0,-4.1778e-06,-0.0001525,0,,,0.00032675,0.00032967,0.008,0.0008,0.048002,1,3.44,5.294e-19,0,0.005
132.98,-1.6572e-06,-7.4924e-05,0,,,,,-1.8208e-06,-0.00023439,0,1.1877e-06,-7.1606e-05,0,-1.5703e-06,-0.00015135,0,,,0.00032545,0.00032965,0.008,0.0008,0.048008,1,3.46,5.294e-19,0,0.005
132.72,4.2314e-08,-7.4568e-05,0,,,,,3.3706e-07,-0.00023445,0,1.1712e-06,-7.1464e-05,0,-2.3741e-08,-0.00014924,0,,,0.0003269,0.00032964,0.008,0.0008,0.048001,1,3.48,5.294e-19,0,0.005
132.46,3.4885e-06,-7.3904e-05,0,,,,,1.9758e-06,-0.00023407,0,1.1682e-06,-7.1323e-05,0,3.4452e-06,-0.00014947,0,,,0.00032578,0.00032962,0.008,0.0008,0.048009,1,3.5,5.294e-19,0,0.005
132.2,1.3964e-06,-7.338e-05,0,,,,,1.862e-06,-0.00023433,0,1.1777e-06,-7.1182e-05,0,1.3347e-06,-0.00014722,0,,,0.00032546,0.0003296,0.008,0.0008,0.048008,1,3.52,5.294e-19,0,0.005
131.94,3.0148e-06,-7.2761e-05,0,,,,,3.6002e-06,-0.00023442,0,1.1938e-06,-7.104e-05,0,2.6427e-06,-0.00014611,0,,,0.00032596,0.00032958,0.008,0.0008,0.048001,1,3.54,5.294e-19,0,0.005
131.68,-5.5839e-07,-7.2036e-05,0,,,,,8.3258e-07,-0.00023519,0,1.1921e-06,-7.0898e-05,0,-5.1953e-07,-0.0001453,0,,,0.00032441,0.00032955,0.008,0.0008,0.048002,1,3.56,5.294e-19,0,0.005
131.42,-1.5588e-06,-7.1625e-05,0,,,,,-1.9837e-07,-0.00023351,0,1.1963e-06,-7.0755e-05,0,-1.6188e-06,-0.00014339,0,,,0.00032552,0.00032953,0.008,0.0008,0.048002,1,3.58,5.294e-19,0,0.005
131.15,1.5717e-06,-7.0739e-05,0,,,,,1.5878e-06,-0.00023375,0,1.1908e-06,-7.0612e-05,0,1.662e-06,-0.00014313,0,,,0.00032469,0.0003295,0.008,0.0008,0.048003,1,3.6,5.294e-19,0,0.005
130.89,-2.5073e-06,-7.037e-05,0,,,,,-1.8871e-07,-0.00023288,0,1.192e-06,-7.047e-05,0,-2.506e-06,-0.00014094,0,,,0.00032476,0.00032947,0.008,0.0008,0.048001,1,3.62,5.294e-19,0,0.005
130.62,1.7379e-06,-6.9753e-05,0,,,,,7.3725e-07,-0.00023257,0,1.1871e-06,-7.0325e-05,0,1.7914e-06,-0.00014015,0,,,0.00032506,0.00032945,0.008,0.0008,0.048006,1,3.64,5.294e-19,0,0.005
130.36,-1.141e-06,-6.9151e-05,0,,,,,-3.3031e-07,-0.00023315,0,1.183e-06,-7.0183e-05,0,-1.1557e-06,-0.00013919,0,,,0.00032399,0.00032942,0.008,0.0008,0.048001,1,3.66,5.294e-19,0,0.005
130.09,1.1433e-06,-6.8848e-05,0,,,,,-4.6712e-08,-0.00023215,0,1.1776e-06,-7.004e-05,0,1.0531e-06,-0.00013785,0,,,0.00032527,0.0003294,0.008,0.0008,0.048002,1,3.68,5.294e-19,0,0.005
129.83,-3.0355e-07,-6.8021e-05,0,,,,,-5.4061e-07,-0.00023296,0,1.167e-06,-6.9897e-05,0,-2.407e-07,-0.00013756,0,,,0.00032389,0.00032937,0.008,0.0008,0.048001,1,3.7,5.294e-19,0,0.005
129.57,-2.1986e-07,-6.7785e-05,0,,,,,-8.1171e-07,-0.00023208,0,1.1601e-06,-6.9755e-05,0,-1.4962e-07,-0.0001353,0,,,0.00032445,0.00032934,0.008,0.0008,0.048001,1,3.72,5.294e-19,0,0.005
129.3,9.9699e-09,-6.711e-05,0,,,,,-1.72e-07,-0.00023233,0,1.1496e-06,-6.9612e-05,0,8.5983e-08,-0.0001347,0,,,0.00032415,0.00032931,0.008,0.0008,0.048002,1,3.74,5.294e-19,0,0.005
129.04,-3.5071e-07,-6.6773e-05,0,,,,,-3.0512e-07,-0.00023245,0,1.1423e-06,-6.9471e-05,0,-3.2797e-07,-0.00013322,0,,,0.00032379,0.00032929,0.008,0.0008,0.048001,1,3.76,5.294e-19,0,0.005
128.78,-4.36e-07,-6.6366e-05,0,,,,,-1.7441e-07,-0.00023221,0,1.1351e-06,-6.933e-05,0,-4.1768e-07,-0.00013212,0,,,0.00032423,0.00032926,0.008,0.0008,0.048001,1,3.78,5.294e-19,0,0.005
128.52,1.7448e-07,-6.5822e-05,0,,,,,-2.7093e-07,-0.0002318,0,1.1276e-06,-6.919e-05,0,1.9352e-07,-0.00013143,0,,,0.000324,0.00032923,0.008,0.0008,0.048001,1,3.8,5.294e-19,0,0.005
128.26,3.5652e-07,-6.5418e-05,0,,,,,4.7982e-09,-0.00023144,0,1.1209e-06,-6.9051e-05,0,3.6846e-07,-0.00013015,0,,,0.00032419,0.0003292,0.008,0.0008,0.048001,1,3.82,5.294e-19,0,0.005
128.01,-1.0163e-07,-6.4868e-05,0,,,,,1.5876e-07,-0.00023127,0,1.1157e-06,-6.891e-05,0,-9.1568e-08,-0.0001294,0,,,0.00032419,0.00032918,0.008,0.0008,0.048001,1,3.84,5.294e-19,0,0.005
127.75,-2.7962e-07,-6.4324e-05,0,,,,,9.2177e-08,-0.00023074,0,1.1105e-06,-6.8771e-05,0,-2.7033e-07,-0.00012811,0,,,0.00032415,0.00032915,0.008,0.0008,0.048001,1,3.86,5.294e-19,0,0.005
127.49,-2.5631e-07,-6.3819e-05,0,,,,,-2.8657e-07,-0.00023057,0,1.1045e-06,-6.8631e-05,0,-2.4702e-07,-0.00012712,0,,,0.00032411,0.00032913,0.008,0.0008,0.048001,1,3.88,5.294e-19,0,0.005
127.23,-1.2969e-07,-6.3278e-05,0,,,,,-1.5475e-07,-0.00023024,0,1.0976e-06,-6.8491e-05,0,-1.1659e-07,-0.00012602,0,,,0.00032404,0.0003291,0.008,0.0008,0.048001,1,3.9,5.294e-19,0,0.005
126.97,-8.3855e-08,-6.2762e-05,0,,,,,2.0046e-09,-0.00022993,0,1.0917e-06,-6.8352e-05,0,-8.5266e-08,-0.00012499,0,,,0.00032399,0.00032907,0.008,0.0008,0.048001,1,3.92,5.294e-19,0,0.005
126.71,3.8984e-08,-6.225e-05,0,,,,,-1.0535e-07,-0.00022967,0,1.086e-06,-6.8212e-05,0,4.0707e-08,-0.0001239,0,,,0.00032403,0.00032905,0.008,0.0008,0.048001,1,3.94,5.294e-19,0,0.005
126.45,-3.726e-09,-6.1758e-05,0,,,,,-5.9219e-08,-0.00022933,0,1.0799e-06,-6.8073e-05,0,7.9915e-09,-0.00012283,0,,,0.0003241,0.00032902,0.008,0.0008,0.048001,1,3.96,5.294e-19,0,0.005
126.2,-1.148e-07,-6.1254e-05,0,,,,,-1.4773e-08,-0.00022901,0,1.0745e-06,-6.7933e-05,0,-1.1284e-07,-0.0001218,0,,,0.00032405,0.000329,0.008,0.0008,0.048001,1,3.98,5.294e-19,0,0.005
125.94,-2.8233e-07,-6.0748e-05,0,,,,,-1.6006e-07,-0.00022879,0,1.0685e-06,-6.7794e-05,0,-2.6945e-07,-0.00012079,0,,,0.00032394,0.00032897,0.008,0.0008,0.048001,1,4,5.294e-19,0,0.005
125.68,-6.5998e-09,-6.0272e-05,0,,,,,-9.2137e-08,-0.00022851,0,1.0626e-06,-6.7654e-05,0,-2.1759e-10,-0.00011984,0,,,0.00032385,0.00032895,0.008,0.0008,0.048001,1,4.02,5.294e-19,0,0.005
125.42,-5.5669e-08,-5.9806e-05,0,,,,,-2.4159e-08,-0.00022823,0,1.057e-06,-6.7515e-05,0,-5.071e-08,-0.00011893,0,,,0.00032374,0.00032892,0.008,0.0008,0.048001,1,4.04,5.294e-19,0,0.005
125.16,-1.2588e-07,-5.9326e-05,0,,,,,-7.5802e-08,-0.00022796,0,1.0516e-06,-6.7376e-05,0,-1.2519e-07,-0.00011805,0,,,0.00032358,0.0003289,0.008,0.0008,0.048001,1,4.06,5.294e-19,0,0.005
124.9,3.0411e-07,-5.8877e-05,0,,,,,1.2852e-07,-0.00022779,0,1.0461e-06,-6.7236e-05,0,3.3107e-07,-0.0001171,0,,,0.00032334,0.00032887,0.008,0.0008,0.047827,1,4.08,5.294e-19,0,0.005
124.66,1.0297e-06,-5.9674e-05,0,,,,,2.0426e-06,-0.00023794,0,1.0564e-06,-6.7107e-05,0,8.5197e-07,-0.00011473,0,,,0.0003172,0.00032883,0.008,0.0008,0.046522,1,4.1,5.294e-19,0,0.005
124.44,9.0583e-07,-5.9921e-05,0,,,,,7.5479e-07,-0.00023851,0,1.0543e-06,-6.6985e-05,0,9.2075e-07,-0.00011441,0,,,0.00031676,0.00032877,0.008,0.0008,0.046508,1,4.12,5.294e-19,0,0.005
124.21,-2.063e-07,-5.9836e-05,0,,,,,9.1267e-07,-0.00023762,0,1.0538e-06,-6.6865e-05,0,-2.0277e-07,-0.00011444,0,,,0.00031654,0.00032871,0.008,0.0008,0.046526,1,4.14,5.294e-19,0,0.005
124,6.2493e-07,-5.9765e-05,0,,,,,1.1809e-06,-0.00023862,0,1.0523e-06,-6.6747e-05,0,6.0812e-07,-0.00011375,0,,,0.00031663,0.00032865,0.008,0.0008,0.046536,1,4.16,5.294e-19,0,0.005
123.78,-3.885e-08,-5.9423e-05,0,,,,,1.1553e-06,-0.00023775,0,1.0511e-06,-6.6629e-05,0,-1.3415e-07,-0.0001137,0,,,0.00031665,0.0003286,0.008,0.0008,0.046516,1,4.18,5.294e-19,0,0.005
123.56,7.0806e-07,-5.9181e-05,0,,,,,4.6301e-07,-0.0002381,0,1.0504e-06,-6.6512e-05,0,7.195e-07,-0.00011263,0,,,0.00031644,0.00032854,0.008,0.0008,0.046511,1,4.2,5.294e-19,0,0.005
123.34,-4.45e-07,-5.8863e-05,0,,,,,1.081e-06,-0.00023716,0,1.0475e-06,-6.6394e-05,0,-5.4805e-07,-0.0001123,0,,,0.00031667,0.00032848,0.008,0.0008,0.046532,1,4.22,5.294e-19,0,0.005
123.12,1.1843e-06,-5.8405e-05,0,,,,,1.0589e-06,-0.00023716,0,1.045e-06,-6.6277e-05,0,1.0593e-06,-0.00011184,0,,,0.00031635,0.00032843,0.008,0.0008,0.04652,1,4.24,5.294e-19,0,0.005
122.9,2.329e-08,-5.804e-05,0,,,,,-1.8406e-07,-0.00023719,0,1.0439e-06,-6.6159e-05,0,8.3806e-08,-0.00011043,0,,,0.00031647,0.00032837,0.008,0.0008,0.046514,1,4.26,5.294e-19,0,0.005
122.69,-1.411e-06,-5.746e-05,0,,,,,7.0487e-07,-0.00023488,0,1.0422e-06,-6.6041e-05,0,-1.568e-06,-0.00010984,0,,,0.00031649,0.00032831,0.008,0.0008,0.046529,1,4.28,5.294e-19,0,0.005
122.47,1.0037e-06,-5.7009e-05,0,,,,,2.4949e-08,-0.00023674,0,1.0368e-06,-6.5923e-05,0,1.0709e-06,-0.00010853,0,,,0.00031615,0.00032826,0.008,0.0008,0.046517,1,4.3,5.294e-19,0,0.005
122.25,-1.5961e-08,-5.6567e-05,0,,,,,-7.9528e-07,-0.00023552,0,1.032e-06,-6.5805e-05,0,1.7719e-08,-0.00010769,0,,,0.0003163,0.0003282,0.008,0.0008,0.04652,1,4.32,5.294e-19,0,0.005
122.03,5.8849e-07,-5.606e-05,0,,,,,1.8381e-06,-0.00023498,0,1.0278e-06,-6.5688e-05,0,3.7966e-07,-0.0001068,0,,,0.00031616,0.00032815,0.008,0.0008,0.046532,1,4.34,5.294e-19,0,0.005
121.81,8.4449e-07,-5.5726e-05,0,,,,,-8.689e-07,-0.00023577,0,1.0226e-06,-6.5569e-05,0,1.0654e-06,-0.00010589,0,,,0.00031621,0.00032809,0.008,0.0008,0.046515,1,4.36,5.294e-19,0,0.005
121.59,-1.5418e-06,-5.5196e-05,0,,,,,-5.4499e-07,-0.0002335,0,1.02e-06,-6.5451e-05,0,-1.5946e-06,-0.00010522,0,,,0.00031626,0.00032804,0.008,0.0008,0.046522,1,4.38,5.294e-19,0,0.005
121.37,1.1617e-06,-5.4674e-05,0,,,,,1.0186e-06,-0.00023409,0,1.0147e-06,-6.5332e-05,0,1.1294e-06,-0.00010382,0,,,0.00031594,0.00032799,0.008,0.0008,0.046518,1,4.4,5.294e-19,0,0.005
121.15,-1.2183e-06,-5.4221e-05,0,,,,,-2.1469e-06,-0.00023362,0,1.009e-06,-6.5214e-05,0,-9.8632e-07,-0.00010299,0,,,0.00031611,0.00032793,0.008,0.0008,0.046521,1,4.42,5.294e-19,0,0.005
120.93,6.8394e-07,-5.3681e-05,0,,,,,1.1047e-06,-0.00023352,0,1.0044e-06,-6.5095e-05,0,4.3548e-07,-0.00010186,0,,,0.00031581,0.00032788,0.008,0.0008,0.04652,1,4.44,5.294e-19,0,0.005
120.71,2.2954e-07,-5.3366e-05,0,,,,,-4.4335e-07,-0.00023279,0,9.9772e-07,-6.4976e-05,0,3.9236e-07,-0.00010115,0,,,0.000316,0.00032782,0.008,0.0008,0.046522,1,4.46,5.294e-19,0,0.005
120.49,-1.0158e-06,-5.2893e-05,0,,,,,-8.3172e-07,-0.00023216,0,9.9409e-07,-6.4857e-05,0,-1.0567e-06,-0.00010048,0,,,0.00031581,0.00032777,0.008,0.0008,0.04652,1,4.48,5.294e-19,0,0.005
120.27,1.5134e-06,-5.239e-05,0,,,,,1.22e-06,-0.00023215,0,9.8838e-07,-6.4738e-05,0,1.4133e-06,-9.925e-05,0,,,0.00031583,0.00032772,0.008,0.0008,0.04651,1,4.5,5.294e-19,0,0.005
120.04,-1.8522e-06,-5.1866e-05,0,,,,,-1.84e-06,-0.0002313,0,9.8353e-07,-6.4619e-05,0,-1.6419e-06,-9.824e-05,0,,,0.00031576,0.00032766,0.008,0.0008,0.046515,1,4.52,5.294e-19,0,0.005
119.82,2.3256e-06,-5.1486e-05,0,,,,,1.2743e-07,-0.00023174,0,9.7917e-07,-6.45e-05,0,2.1726e-06,-9.7335e-05,0,,,0.00031569,0.00032761,0.008,0.0008,0.046508,1,4.54,5.294e-19,0,0.005
119.6,-1.8217e-06,-5.1188e-05,0,,,,,2.4625e-07,-0.00023198,0,9.7244e-07,-6.4381e-05,0,-1.8086e-06,-9.6986e-05,0,,,0.00031568,0.00032756,0.008,0.0008,0.046521,1,4.56,5.294e-19,0,0.005
119.38,1.7881e-06,-5.0645e-05,0,,,,,-2.4325e-07,-0.00023174,0,9.6834e-07,-6.4261e-05,0,1.7518e-06,-9.5889e-05,0,,,0.00031552,0.00032751,0.008,0.0008,0.046506,1,4.58,5.294e-19,0,0.005
119.16,-7.5496e-07,-5.0118e-05,0,,,,,2.6889e-07,-0.00023117,0,9.6296e-07,-6.4142e-05,0,-6.3522e-07,-9.4635e-05,0,,,0.00031548,0.00032745,0.008,0.0008,0.04651,1,4.6,5.294e-19,0,0.005
118.94,8.4436e-07,-4.9772e-05,0,,,,,-8.9834e-07,-0.00023039,0,9.6e-07,-6.4023e-05,0,8.903e-07,-9.3893e-05,0,,,0.00031553,0.0003274,0.008,0.0008,0.046521,1,4.62,5.294e-19,0,0.005
118.71,9.5e-07,-4.9469e-05,0,,,,,2.8615e-07,-0.00023051,0,9.5657e-07,-6.3904e-05,0,1.0018e-06,-9.3428e-05,0,,,0.00031548,0.00032735,0.008,0.0008,0.046512,1,4.64,5.294e-19,0,0.005
118.49,-5.9583e-07,-4.8875e-05,0,,,,,6.2602e-07,-0.00022971,0,9.538e-07,-6.3784e-05,0,-6.539e-07,-9.2138e-05,0,,,0.00031541,0.0003273,0.008,0.0008,0.046515,1,4.66,5.294e-19,0,0.005
118.27,4.605e-07,-4.8453e-05,0,,,,,1.7377e-06,-0.00022905,0,9.5116e-07,-6.3665e-05,0,4.2123e-07,-9.1177e-05,0,,,0.0003155,0.00032725,0.008,0.0008,0.046516,1,4.68,5.294e-19,0,0.005
118.05,-1.1587e-06,-4.8179e-05,0,,,,,-2.0026e-07,-0.00022911,0,9.489e-07,-6.3546e-05,0,-1.1218e-06,-9.082e-05,0,,,0.00031545,0.0003272,0.008,0.0008,0.046506,1,4.7,5.294e-19,0,0.005
117.82,1.1029e-06,-4.7749e-05,0,,,,,8.3976e-07,-0.0002283,0,9.4667e-07,-6.3426e-05,0,1.0066e-06,-9.0006e-05,0,,,0.00031549,0.00032715,0.008,0.0008,0.046515,1,4.72,5.294e-19,0,0.005
117.6,-1.5528e-06,-4.7166e-05,0,,,,,-2.7433e-08,-0.00022849,0,9.4222e-07,-6.3307e-05,0,-1.5256e-06,-8.8633e-05,0,,,0.0003155,0.0003271,0.008,0.0008,0.046512,1,4.74,5.294e-19,0,0.005
117.38,1.3038e-06,-4.6866e-05,0,,,,,-9.0688e-07,-0.00022816,0,9.3971e-07,-6.3188e-05,0,1.33e-06,-8.8058e-05,0,,,0.00031548,0.00032705,0.008,0.0008,0.046511,1,4.76,5.294e-19,0,0.005
117.16,-8.5217e-07,-4.6534e-05,0,,,,,1.1241e-06,-0.00022791,0,9.3501e-07,-6.3068e-05,0,-9.2323e-07,-8.7541e-05,0,,,0.0003155,0.000327,0.008,0.0008,0.046517,1,4.78,5.294e-19,0,0.005
116.93,3.5708e-07,-4.5924e-05,0,,,,,-5.7798e-07,-0.00022763,0,9.3175e-07,-6.2949e-05,0,4.379e-07,-8.6218e-05,0,,,0.00031546,0.00032696,0.008,0.0008,0.046511,1,4.8,5.294e-19,0,0.005
116.71,3.8785e-07,-4.5608e-05,0,,,,,-5.2113e-07,-0.00022715,0,9.2761e-07,-6.283e-05,0,3.8895e-07,-8.559e-05,0,,,0.00031546,0.00032691,0.008,0.0008,0.046513,1,4.82,5.294e-19,0,0.005
116.49,-7.574e-07,-4.5311e-05,0,,,,,5.9226e-07,-0.00022696,0,9.242e-07,-6.271e-05,0,-8.3267e-07,-8.5194e-05,0,,,0.00031546,0.00032686,0.008,0.0008,0.046516,1,4.84,5.294e-19,0,0.005
116.27,1.0942e-06,-4.4685e-05,0,,,,,-2.5565e-07,-0.00022651,0,9.1992e-07,-6.2591e-05,0,1.224e-06,-8.3768e-05,0,,,0.00031544,0.00032681,0.008,0.0008,0.046509,1,4.86,5.294e-19,0,0.005
116.04,-1.2739e-06,-4.439e-05,0,,,,,-5.2416e-07,-0.00022626,0,9.1682e-07,-6.2472e-05,0,-1.3537e-06,-8.3147e-05,0,,,0.00031546,0.00032677,0.008,0.0008,0.046515,1,4.88,5.294e-19,0,0.005
115.82,1.3334e-06,-4.4063e-05,0,,,,,1.1664e-06,-0.00022608,0,9.131e-07,-6.2352e-05,0,1.3258e-06,-8.2698e-05,0,,,0.00031538,0.00032672,0.008,0.0008,0.046513,1,4.9,5.294e-19,0,0.005
115.6,-1.1558e-06,-4.3448e-05,0,,,,,-7.5006e-07,-0.00022581,0,9.0922e-07,-6.2233e-05,0,-1.048e-06,-8.1322e-05,0,,,0.0003154,0.00032668,0.008,0.0008,0.046509,1,4.92,5.294e-19,0,0.005
115.38,6.5859e-07,-4.322e-05,0,,,,,3.7869e-07,-0.00022563,0,9.068e-07,-6.2114e-05,0,5.4931e-07,-8.0885e-05,0,,,0.00031545,0.00032663,0.008,0.0008,0.046514,1,4.94,5.294e-19,0,0.005
115.15,8.9514e-08,-4.2811e-05,0,,,,,7.7306e-07,-0.00022546,0,9.024e-07,-6.1995e-05,0,1.1966e-07,-8.02e-05,0,,,0.00031543,0.00032658,0.008,0.0008,0.046513,1,4.96,5.294e-19,0,0.005
114.93,-3.2094e-06,-4.2192e-05,0,,,,,-1.4765e-06,-0.00022507,0,8.982e-07,-6.1875e-05,0,-3.1221e-06,-7.8895e-05,0,,,0.00031534,0.00032654,0.008,0.0008,0.046513,1,4.98,5.294e-19,0,0.005
114.71,-2.1671e-06,-4.2017e-05,0,,,,,-6.9136e-07,-0.00022489,0,8.9215e-07,-6.1756e-05,0,-2.2361e-06,-7.872e-05,0,,,0.00031537,0.00032649,0.008,0.0008,0.046508,1,5,5.294e-19,0,0.005
114.49,-1.6922e-06,-4.1422e-05,0,,,,,-1.298e-06,-0.00022459,0,8.8279e-07,-6.1636e-05,0,-1.6899e-06,-7.7322e-05,0,,,0.00031535,0.00032645,0.008,0.0008,0.046508,1,5.02,5.294e-19,0,0.005
114.26,-1.5096e-07,-4.1065e-05,0,,,,,-2.0566e-06,-0.00022437,0,8.7324e-07,-6.1517e-05,0,-1.3417e-07,-7.6639e-05,0,,,0.00031535,0.00032641,0.008,0.0008,0.046518,1,5.04,5.294e-19,0,0.005
114.04,6.2836e-07,-4.0754e-05,0,,,,,-6.9745e-07,-0.00022407,0,8.6456e-07,-6.1397e-05,0,5.9313e-07,-7.6306e-05,0,,,0.00031526,0.00032636,0.008,0.0008,0.046513,1,5.06,5.294e-19,0,0.005
113.82,-6.5766e-07,-4.0161e-05,0,,,,,-8.3018e-07,-0.00022364,0,8.567e-07,-6.1278e-05,0,-6.732e-07,-7.4918e-05,0,,,0.00031535,0.00032632,0.008,0.0008,0.046509,1,5.08,5.294e-19,0,0.005
113.59,8.7433e-07,-4.002e-05,0,,,,,-9.8944e-08,-0.00022317,0,8.5129e-07,-6.1158e-05,0,8.0392e-07,-7.4998e-05,0,,,0.0003152,0.00032628,0.008,0.0008,0.04651,1,5.1,5.294e-19,0,0.005
113.37,-9.1576e-07,-3.9455e-05,0,,,,,-1.4133e-06,-0.00022284,0,8.442e-07,-6.1039e-05,0,-7.9675e-07,-7.3771e-05,0,,,0.00031542,0.00032623,0.008,0.0008,0.046516,1,5.12,5.294e-19,0,0.005
113.15,-1.6923e-07,-3.917e-05,0,,,,,-7.4652e-08,-0.00022287,0,8.4132e-07,-6.0919e-05,0,-2.6014e-07,-7.3402e-05,0,,,0.00031525,0.00032619,0.008,0.0008,0.046507,1,5.14,5.294e-19,0,0.005
112.92,4.3547e-07,-3.8865e-05,0,,,,,1.5007e-07,-0.00022258,0,8.346e-07,-6.08e-05,0,5.0298e-07,-7.2553e-05,0,,,0.00031541,0.00032615,0.008,0.0008,0.046515,1,5.16,5.294e-19,0,0.005
112.7,2.1253e-08,-3.8382e-05,0,,,,,-1.3558e-06,-0.0002225,0,8.3051e-07,-6.0681e-05,0,6.3469e-08,-7.1387e-05,0,,,0.00031532,0.00032611,0.008,0.0008,0.046517,1,5.18,5.294e-19,0,0.005
112.48,-6.1874e-07,-3.8269e-05,0,,,,,-4.7461e-07,-0.00022217,0,8.2521e-07,-6.0562e-05,0,-6.6553e-07,-7.1383e-05,0,,,0.0003154,0.00032607,0.008,0.0008,0.046513,1,5.2,5.294e-19,0,0.005
112.26,-7.5036e-07,-3.761e-05,0,,,,,-3.3177e-07,-0.0002218,0,8.1921e-07,-6.0443e-05,0,-7.7642e-07,-6.9872e-05,0,,,0.00031527,0.00032602,0.008,0.0008,0.046511,1,5.22,5.294e-19,0,0.005
112.04,-2.8341e-07,-3.7639e-05,0,,,,,-1.0001e-07,-0.00022141,0,8.1333e-07,-6.0325e-05,0,-2.8066e-07,-7.0073e-05,0,,,0.00031542,0.00032598,0.008,0.0008,0.046516,1,5.24,5.294e-19,0,0.005
111.81,-1.5386e-06,-3.6919e-05,0,,,,,-1.7695e-06,-0.00022139,0,8.0569e-07,-6.0206e-05,0,-1.4307e-06,-6.8568e-05,0,,,0.00031521,0.00032594,0.008,0.0008,0.046515,1,5.26,5.294e-19,0,0.005
111.59,1.7568e-07,-3.6908e-05,0,,,,,-1.2316e-06,-0.00022126,0,8.0014e-07,-6.0088e-05,0,1.684e-07,-6.8706e-05,0,,,0.00031547,0.0003259,0.008,0.0008,0.046519,1,5.28,5.294e-19,0,0.005
111.37,-1.2266e-06,-3.6254e-05,0,,,,,-6.4524e-07,-0.00022096,0,7.9061e-07,-5.997e-05,0,-1.2381e-06,-6.7553e-05,0,,,0.0003151,0.00032586,0.008,0.0008,0.04651,1,5.3,5.294e-19,0,0.005
111.15,5.0448e-07,-3.6202e-05,0,,,,,-1.7806e-06,-0.00022091,0,7.8537e-07,-5.9852e-05,0,4.8114e-07,-6.7207e-05,0,,,0.00031546,0.00032582,0.008,0.0008,0.046511,1,5.32,5.294e-19,0,0.005
110.93,-4.8298e-07,-3.5596e-05,0,,,,,1.7845e-07,-0.0002206,0,7.76e-07,-5.9733e-05,0,-4.6868e-07,-6.6533e-05,0,,,0.00031514,0.00032578,0.008,0.0008,0.046513,1,5.34,5.294e-19,0,0.005
110.71,7.8886e-07,-3.5464e-05,0,,,,,-5.1771e-07,-0.00022022,0,7.7411e-07,-5.9615e-05,0,6.5673e-07,-6.582e-05,0,,,0.0003153,0.00032574,0.008,0.0008,0.046514,1,5.36,5.294e-19,0,0.005
110.49,-1.7386e-06,-3.5017e-05,0,,,,,-6.2431e-07,-0.00022022,0,7.6555e-07,-5.9498e-05,0,-1.6511e-06,-6.5264e-05,0,,,0.00031525,0.00032571,0.008,0.0008,0.046511,1,5.38,5.294e-19,0,0.005
110.27,2.0886e-06,-3.4755e-05,0,,,,,8.8933e-07,-0.00021985,0,7.6423e-07,-5.938e-05,0,1.8954e-06,-6.454e-05,0,,,0.00031518,0.00032567,0.008,0.0008,0.046515,1,5.4,5.294e-19,0,0.005
110.05,-2.486e-06,-3.4374e-05,0,,,,,-1.4623e-06,-0.00021978,0,7.5617e-07,-5.9262e-05,0,-2.3904e-06,-6.3983e-05,0,,,0.00031523,0.00032563,0.008,0.0008,0.046512,1,5.42,5.294e-19,0,0.005
109.83,3.6024e-06,-3.4113e-05,0,,,,,1.0024e-06,-0.00021905,0,7.5407e-07,-5.9145e-05,0,3.4536e-06,-6.3279e-05,0,,,0.00031521,0.00032559,0.008,0.0008,0.046518,1,5.44,5.294e-19,0,0.005
109.61,-2.7864e-06,-3.3709e-05,0,,,,,-1.4629e-06,-0.00021896,0,7.4917e-07,-5.9028e-05,0,-2.6946e-06,-6.2755e-05,0,,,0.00031519,0.00032555,0.008,0.0008,0.046515,1,5.46,5.294e-19,0,0.005
109.39,3.499e-06,-3.3491e-05,0,,,,,1.6074e-06,-0.00021869,0,7.4737e-07,-5.8911e-05,0,3.4111e-06,-6.208e-05,0,,,0.00031527,0.00032551,0.008,0.0008,0.046515,1,5.48,5.294e-19,0,0.005
109.17,-3.2209e-06,-3.3061e-05,0,,,,,-2.1109e-06,-0.00021845,0,7.4574e-07,-5.8794e-05,0,-3.0619e-06,-6.1444e-05,0,,,0.00031519,0.00032548,0.008,0.0008,0.046516,1,5.5,5.294e-19,0,0.005
108.95,2.7793e-06,-3.2934e-05,0,,,,,2.2172e-06,-0.00021859,0,7.4143e-07,-5.8677e-05,0,2.6767e-06,-6.094e-05,0,,,0.00031515,0.00032544,0.008,0.0008,0.046514,1,5.52,5.294e-19,0,0.005
108.74,-1.7512e-06,-3.2429e-05,0,,,,,-2.6325e-07,-0.00021781,0,7.4297e-07,-5.856e-05,0,-1.7889e-06,-5.9949e-05,0,,,0.00031518,0.0003254,0.008,0.0008,0.046515,1,5.54,5.294e-19,0,0.005
108.52,7.3685e-07,-3.2399e-05,0,,,,,-8.404e-07,-0.00021815,0,7.3623e-07,-5.8444e-05,0,7.9633e-07,-6.0018e-05,0,,,0.00031499,0.00032537,0.008,0.0008,0.046518,1,5.56,5.294e-19,0,0.005
108.3,1.1302e-06,-3.1708e-05,0,,,,,1.1512e-06,-0.00021772,0,7.3975e-07,-5.8328e-05,0,9.9364e-07,-5.8637e-05,0,,,0.00031491,0.00032533,0.008,0.0008,0.046517,1,5.58,5.294e-19,0,0.005
108.08,-6.7222e-07,-3.18e-05,0,,,,,-1.8605e-06,-0.00021769,0,7.3443e-07,-5.8212e-05,0,-5.6489e-07,-5.9116e-05,0,,,0.00031497,0.00032529,0.008,0.0008,0.046518,1,5.6,5.294e-19,0,0.005
107.87,3.1062e-06,-3.1083e-05,0,,,,,1.4925e-06,-0.00021758,0,7.3339e-07,-5.8096e-05,0,2.9901e-06,-5.7268e-05,0,,,0.00031481,0.00032525,0.008,0.0008,0.04651,1,5.62,5.294e-19,0,0.005
107.65,-2.2758e-06,-3.135e-05,0,,,,,-8.3311e-07,-0.00021691,0,7.3249e-07,-5.798e-05,0,-2.1806e-06,-5.809e-05,0,,,0.0003152,0.00032522,0.008,0.0008,0.046511,1,5.64,5.294e-19,0,0.005
107.43,2.665e-06,-3.0509e-05,0,,,,,1.8594e-06,-0.0002173,0,7.2882e-07,-5.7865e-05,0,2.5876e-06,-5.6409e-05,0,,,0.0003144,0.00032518,0.008,0.0008,0.046512,1,5.66,5.294e-19,0,0.005
107.22,-2.0268e-06,-3.0679e-05,0,,,,,-1.2552e-07,-0.00021664,0,7.3341e-07,-5.7749e-05,0,-2.0286e-06,-5.6726e-05,0,,,0.00031502,0.00032514,0.008,0.0008,0.046516,1,5.68,5.294e-19,0,0.005
107,3.413e-07,-3.0102e-05,0,,,,,1.1977e-07,-0.00021678,0,7.2961e-07,-5.7634e-05,0,3.6623e-07,-5.5519e-05,0,,,0.0003147,0.00032511,0.008,0.0008,0.046506,1,5.7,5.294e-19,0,0.005
106.78,-1.6354e-08,-2.9905e-05,0,,,,,6.7337e-07,-0.00021649,0,7.2818e-07,-5.7519e-05,0,-5.6658e-08,-5.5004e-05,0,,,0.00031469,0.00032507,0.008,0.0008,0.046516,1,5.72,5.294e-19,0,0.005
106.57,-4.7822e-07,-2.9849e-05,0,,,,,3.0828e-07,-0.00021635,0,7.2598e-07,-5.7405e-05,0,-4.4071e-07,-5.4738e-05,0,,,0.00031497,0.00032504,0.008,0.0008,0.046513,1,5.74,5.294e-19,0,0.005
106.36,5.7185e-07,-2.9208e-05,0,,,,,3.5322e-07,-0.00021645,0,7.2415e-07,-5.7291e-05,0,5.52e-07,-5.3354e-05,0,,,0.00031454,0.000325,0.008,0.0008,0.046512,1,5.76,5.294e-19,0,0.005
106.14,-3.4688e-07,-2.9547e-05,0,,,,,1.0392e-07,-0.00021642,0,7.226e-07,-5.7178e-05,0,-3.4536e-07,-5.4081e-05,0,,,0.0003148,0.00032496,0.008,0.0008,0.046513,1,5.78,5.294e-19,0,0.005
105.93,3.7971e-07,-2.8727e-05,0,,,,,1.6727e-07,-0.00021609,0,7.2053e-07,-5.7065e-05,0,3.8684e-07,-5.2416e-05,0,,,0.00031462,0.00032493,0.008,0.0008,0.046512,1,5.8,5.294e-19,0,0.005
105.72,3.5901e-08,-2.8857e-05,0,,,,,2.1089e-07,-0.00021604,0,7.188e-07,-5.6951e-05,0,3.3179e-08,-5.2953e-05,0,,,0.00031466,0.00032489,0.008,0.0008,0.046512,1,5.82,5.294e-19,0,0.005
105.51,-2.9621e-07,-2.8467e-05,0,,,,,1.9867e-07,-0.00021608,0,7.1701e-07,-5.6839e-05,0,-2.9266e-07,-5.1763e-05,0,,,0.00031451,0.00032486,0.008,0.0008,0.046511,1,5.84,5.294e-19,0,0.005
105.29,-1.6789e-07,-2.7987e-05,0,,,,,5.8252e-08,-0.00021559,0,7.1499e-07,-5.6726e-05,0,-1.733e-07,-5.1141e-05,0,,,0.00031444,0.00032482,0.008,0.0008,0.046512,1,5.86,5.294e-19,0,0.005
105.08,1.2075e-07,-2.8142e-05,0,,,,,-4.0735e-08,-0.00021557,0,7.1267e-07,-5.6614e-05,0,1.2314e-07,-5.1459e-05,0,,,0.00031462,0.00032479,0.008,0.0008,0.046512,1,5.88,5.294e-19,0,0.005
104.87,1.3905e-07,-2.733e-05,0,,,,,1.3601e-07,-0.00021537,0,7.1054e-07,-5.6502e-05,0,1.3733e-07,-4.9748e-05,0,,,0.0003143,0.00032475,0.008,0.0008,0.046511,1,5.9,5.294e-19,0,0.005
104.66,-3.3553e-08,-2.7604e-05,0,,,,,1.1609e-07,-0.00021515,0,7.085e-07,-5.6389e-05,0,-3.1598e-08,-5.0692e-05,0,,,0.00031446,0.00032472,0.008,0.0008,0.046512,1,5.92,5.294e-19,0,0.005
104.45,-1.485e-07,-2.7079e-05,0,,,,,2.3923e-08,-0.00021518,0,7.0637e-07,-5.6277e-05,0,-1.4937e-07,-4.9267e-05,0,,,0.0003143,0.00032468,0.008,0.0008,0.04651,1,5.94,5.294e-19,0,0.005
104.24,-3.4303e-08,-2.6536e-05,0,,,,,6.4737e-09,-0.00021468,0,7.0406e-07,-5.6165e-05,0,-3.5324e-08,-4.8414e-05,0,,,0.00031418,0.00032465,0.008,0.0008,0.046511,1,5.96,5.294e-19,0,0.005
104.03,3.8049e-08,-2.6876e-05,0,,,,,8.918e-09,-0.00021476,0,7.0173e-07,-5.6054e-05,0,3.6352e-08,-4.9091e-05,0,,,0.00031438,0.00032461,0.008,0.0008,0.046511,1,5.98,5.294e-19,0,0.005
103.82,2.2586e-08,-2.6056e-05,0,,,,,4.1189e-08,-0.00021453,0,6.9949e-07,-5.5942e-05,0,2.1571e-08,-4.7319e-05,0,,,0.0003141,0.00032458,0.008,0.0008,0.046511,1,6,5.294e-19,0,0.005
